{
    "total_blocks_produced": 41212,
    "hhi": 3436.2046882309846,
    "top_3_producers_market_share_pct": 86.55731340386296
}