{"avg_gas_price_gwei":{"count":6.0,"mean":1.3387956746,"std":0.3894099684,"min":0.881332067,"25%":1.0290719088,"50%":1.3112573639,"75%":1.6645584301,"max":1.81159171},"median_gas_price_gwei":{"count":6.0,"mean":0.6773819469,"std":0.3615650649,"min":0.2430098897,"25%":0.3658015931,"50%":0.7240890831,"75%":0.9382631463,"max":1.117076695},"p95_gas_price_gwei":{"count":6.0,"mean":3.3091216847,"std":1.2299746094,"min":2.1763682647,"25%":2.3085591817,"50%":2.9197895102,"75%":4.4035633606,"max":4.8358124403}}