{
    "average_failure_rate_pct": 1.4156785541182517,
    "total_gas_wasted_eth": 128.74003345613463,
    "peak_failure_rate_pct": 3.6461756763958713,
    "peak_failure_date": "2025-09-16"
}