{
    "total_eth_moved": 4150330.7403778224,
    "gini_coefficient": -0.3593160376820057,
    "top_5_wallets_market_share": 54.70515431562872
}